Model,Accuracy,Macro F1,Weighted F1,Avg Time (ms)
Baseline (TF-IDF + LogReg),0.9906103286384976,0.9906096907532707,0.9906096907532708,0.05019102857706133
